map,Res,N
Con1,8.304809,1000
Con1,6.85839,2000
Con1,4.852645,4000
Con1,3.72199,8000
Con1,3.05967,16000
Con1,2.858724,32000
Con1,2.658744,64000
Con1,2.419173,128000
Con1,2.326702,256000
Con1,2.252392,512000
Con1,2.2,708006
Con2,7.879624,1000
Con2,5.643051,2000
Con2,4.423448,4000
Con2,3.099956,8000
Con2,2.968745,16000
Con2,2.700022,32000
Con2,2.556318,64000
Con2,2.467479,128000
Con2,2.376415,256000
Con2,2.31,473325